"Response","Subgroup","Estimate","Std_Error","Conf_Low","Conf_High","P_Value","term","contrast","statistic","s.value","predicted_lo","predicted_hi","predicted","Model"
"Severity","0-2 years",64.1051728874067,17.0116013695469,30.7630468837425,97.447298891071,0.000164349343358746,"history","1 - 0",3.76832089436116,12.5709466872625,248.376088746762,312.481261634169,312.481261634169,"0-2 years"
"Severity","3-5 years",54.4008438443041,43.7799891098621,-31.4063580545815,140.20804574319,0.214016706792285,"history","1 - 0",1.24259610270322,2.22420467272082,222.18890379187,276.589747636174,276.589747636174,"3-5 years"
"Severity","6-9 years",33.710992211672,30.5929805389546,-26.2501478244138,93.6721322477577,0.270496806754436,"history","1 - 0",1.10191918596317,1.88631653191376,211.546386782393,245.257378994065,245.257378994065,"6-9 years"
"Severity","10+ years",96.3082443997921,24.7348167629573,47.8288943801982,144.787594419386,9.8754914317105e-05,"history","1 - 0",3.89363080077564,13.3057879319862,215.275780682419,311.584025082211,311.584025082211,"10+ years"
"Recovery","0-2 years",25.65034357626,4.70310747192161,16.4324223158724,34.8682648366476,4.92730451477198e-08,"history","1 - 0",5.45391397696037,24.2746261239871,75.5308003928742,101.181143969134,101.181143969134,"0-2 years"
"Recovery","3-5 years",9.15203522029699,8.67485343564828,-7.85036508473719,26.1544355253312,0.29142190599825,"history","1 - 0",1.05500747513356,1.77881876694548,78.3735688111309,87.5256040314279,87.5256040314279,"3-5 years"
"Recovery","6-9 years",16.1026351325309,6.74053864798611,2.89142214607786,29.313848118984,0.016897793517341,"history","1 - 0",2.3889240865553,5.88702131542196,96.1293790854118,112.232014217943,112.232014217943,"6-9 years"
"Recovery","10+ years",27.3335805841853,5.1875616234892,17.1661466345643,37.5010145338062,1.37123113967829e-07,"history","1 - 0",5.26906137566044,22.7980248867041,72.9879593281039,100.321539912289,100.321539912289,"10+ years"
