"Subgroup","Response","treatment","estimate","se","t_statistic","r2yd.x","rv_q","rv_qa","f2yd.x","dof"
"Intermediate","Severity","history",21.8325441634524,23.5872039501946,0.925609674192532,0.0108646784637031,0.0994564478907395,0,0.0109840162687026,78
"Intermediate","Recovery","history",23.5287276975699,5.66643160582842,4.15230066014889,0.182951060157985,0.374304431822309,0.216615268254905,0.223916893146402,77
