"Response","Subgroup","Estimate","Std_Error","Conf_Low","Conf_High","P_Value","term","contrast","statistic","s.value","predicted_lo","predicted_hi","predicted","Model"
"Severity","3-9 years",21.8325441634524,23.5872020555453,-24.3975223614855,68.0626106883904,0.354648825344657,"history","mean(1) - mean(0)",0.925609748542415,1.49553692573041,217.054122170479,238.886666333931,238.886666333931,"3-9 years"
"Recovery","3-9 years",23.5287276975699,5.66643162939374,12.4227257830996,34.6347296120402,3.29149453128244e-05,"history","mean(1) - mean(0)",4.15230064288048,14.8908976736721,73.3791646731823,96.9078923707523,96.9078923707523,"3-9 years"
