"Response","Subgroup","Estimate","Std_Error","Conf_Low","Conf_High","P_Value","term","contrast","statistic","s.value","predicted_lo","predicted_hi","predicted","Model"
"Recovery","0-2 years",25.2395115779731,4.63324404246577,16.1585201231554,34.3205030327908,5.10880039643503e-08,"history","mean(1) - mean(0)",5.44748158021499,24.2224401891273,75.3575461067111,100.597057684684,100.597057684684,"0-2 years"
"Recovery","3-5 years",9.01531251574343,8.68417030861161,-8.00534852474741,26.0359735562343,0.299208743350005,"history","mean(1) - mean(0)",1.03813170347471,1.74077576122802,77.9683633585997,86.9836758743432,86.9836758743432,"3-5 years"
"Recovery","6-9 years",16.1026351325309,6.74053875864935,2.89142192918186,29.31384833588,0.0168977953211935,"history","mean(1) - mean(0)",2.38892404733498,5.88702116141316,96.1293790854118,112.232014217943,112.232014217943,"6-9 years"
"Recovery","10+ years",22.4852354417759,4.83589614872841,13.0070531572922,31.9634177262595,3.32495152134532e-06,"history","mean(1) - mean(0)",4.64965225683937,18.1982352634245,75.6440069779549,98.1292424197307,98.1292424197307,"10+ years"
