"Response","Subgroup","Estimate","Std_Error","Conf_Low","Conf_High","P_Value","term","contrast","statistic","s.value","predicted_lo","predicted_hi","predicted","Model"
"Recovery","0-2 years",25.65034357626,4.70310747192161,16.4324223158724,34.8682648366476,4.92730451477198e-08,"history","1 - 0",5.45391397696037,24.2746261239871,75.5308003928742,101.181143969134,101.181143969134,"0-2 years"
"Recovery","3-5 years",9.15203522029699,8.67485343564828,-7.85036508473719,26.1544355253312,0.29142190599825,"history","1 - 0",1.05500747513356,1.77881876694548,78.3735688111309,87.5256040314279,87.5256040314279,"3-5 years"
"Recovery","6-9 years",16.1026351325309,6.74053864798611,2.89142214607786,29.313848118984,0.016897793517341,"history","1 - 0",2.3889240865553,5.88702131542196,96.1293790854118,112.232014217943,112.232014217943,"6-9 years"
"Recovery","10+ years",27.3335805841853,5.1875616234892,17.1661466345643,37.5010145338062,1.37123113967829e-07,"history","1 - 0",5.26906137566044,22.7980248867041,72.9879593281039,100.321539912289,100.321539912289,"10+ years"
