"Response","Subgroup","Estimate","Std_Error","Conf_Low","Conf_High","P_Value","term","contrast","statistic","s.value","predicted_lo","predicted_hi","predicted","Model"
"Severity","0-2 years",64.1051728874067,17.0116013695469,30.7630468837425,97.447298891071,0.000164349343358746,"history","1 - 0",3.76832089436116,12.5709466872625,248.376088746762,312.481261634169,312.481261634169,"0-2 years"
"Severity","3-5 years",54.4008438443041,43.7799891098621,-31.4063580545815,140.20804574319,0.214016706792285,"history","1 - 0",1.24259610270322,2.22420467272082,222.18890379187,276.589747636174,276.589747636174,"3-5 years"
"Severity","6-9 years",33.710992211672,30.5929805389546,-26.2501478244138,93.6721322477577,0.270496806754436,"history","1 - 0",1.10191918596317,1.88631653191376,211.546386782393,245.257378994065,245.257378994065,"6-9 years"
"Severity","10+ years",96.3082443997921,24.7348167629573,47.8288943801982,144.787594419386,9.8754914317105e-05,"history","1 - 0",3.89363080077564,13.3057879319862,215.275780682419,311.584025082211,311.584025082211,"10+ years"
