"Response","Subgroup","Estimate","Std_Error","Conf_Low","Conf_High","P_Value","term","contrast","statistic","s.value","predicted_lo","predicted_hi","predicted","Model"
"Severity","0-2 years",74.0049885996831,16.8080102816604,41.0618937958498,106.948083403516,1.06784104578198e-05,"history","mean(1) - mean(0)",4.40295950320971,16.5149435647982,234.674102645201,308.679091244884,308.679091244884,"0-2 years"
"Severity","3-5 years",60.6516588755694,42.6325269589731,-22.9065585339507,144.20987628509,0.154834278391291,"history","mean(1) - mean(0)",1.42266159671785,2.69120319323352,199.525479615412,260.177138490981,260.177138490981,"3-5 years"
"Severity","6-9 years",13.9183802381412,29.9918164583274,-44.8644998511161,72.7012603273985,0.642595731954265,"history","mean(1) - mean(0)",0.464072599853374,0.638016696258032,212.326425308175,226.244805546316,226.244805546316,"6-9 years"
"Severity","10+ years",98.5712699736703,25.0675266287591,49.4398205998038,147.702719347537,8.4161626805561e-05,"history","mean(1) - mean(0)",3.93222959063632,13.5364778829051,225.252627668485,323.823897642155,323.823897642155,"10+ years"
