"Model","R2_marginal","R2_conditional"
"Severity",0.0945652635326003,0.0945652635326003
"Recovery",0.158727008835088,0.158727008835088
